{
    "total_runtime": 123.34186720848083,
    "num_documents": 1,
    "input_load_time": 0,
    "workflows": {
        "create_base_text_units": {
            "overall": 0.30635666847229004,
            "0_orderby": 0.003991365432739258,
            "1_zip": 0.0029900074005126953,
            "2_aggregate_override": 0.004620790481567383,
            "3_chunk": 0.2362353801727295,
            "4_select": 0.00876617431640625,
            "5_unroll": 0.005983591079711914,
            "6_rename": 0.005871772766113281,
            "7_genid": 0.008973121643066406,
            "8_unzip": 0.005986690521240234,
            "9_copy": 0.004984855651855469,
            "10_filter": 0.015958309173583984
        },
        "create_base_extracted_entities": {
            "overall": 57.126428842544556,
            "0_entity_extract": 57.076497316360474,
            "1_merge_graphs": 0.044944047927856445
        },
        "create_summarized_entities": {
            "overall": 14.055618524551392,
            "0_summarize_descriptions": 14.049635171890259
        },
        "create_base_entity_graph": {
            "overall": 0.09760355949401855,
            "0_cluster_graph": 0.0846104621887207,
            "1_select": 0.00698089599609375
        },
        "create_final_entities": {
            "overall": 3.1463186740875244,
            "0_unpack_graph": 0.03245878219604492,
            "1_rename": 0.007979393005371094,
            "2_select": 0.007977962493896484,
            "3_dedupe": 0.00897669792175293,
            "4_rename": 0.007978200912475586,
            "5_filter": 0.02293872833251953,
            "6_text_split": 0.011967182159423828,
            "7_drop": 0.009974002838134766,
            "8_merge": 0.06450152397155762,
            "9_text_embed": 2.9286751747131348,
            "10_drop": 0.010976791381835938,
            "11_filter": 0.02593064308166504
        },
        "create_final_nodes": {
            "overall": 0.36064863204956055,
            "0_layout_graph": 0.12580204010009766,
            "1_unpack_graph": 0.04150247573852539,
            "2_unpack_graph": 0.04055452346801758,
            "3_drop": 0.01296544075012207,
            "4_filter": 0.032544851303100586,
            "5_select": 0.012966394424438477,
            "6_rename": 0.01196742057800293,
            "7_convert": 0.040912628173828125,
            "8_join": 0.018494129180908203,
            "9_rename": 0.012965679168701172
        },
        "create_final_communities": {
            "overall": 0.36452269554138184,
            "0_unpack_graph": 0.0384821891784668,
            "1_unpack_graph": 0.03889632225036621,
            "2_aggregate_override": 0.015180587768554688,
            "3_join": 0.019946813583374023,
            "4_join": 0.020192861557006836,
            "5_concat": 0.014202594757080078,
            "6_filter": 0.05930757522583008,
            "7_aggregate_override": 0.0203244686126709,
            "8_join": 0.019916772842407227,
            "9_filter": 0.03690171241760254,
            "10_fill": 0.015633106231689453,
            "11_merge": 0.020943403244018555,
            "12_copy": 0.015670299530029297,
            "13_select": 0.01695561408996582
        },
        "join_text_units_to_entity_ids": {
            "overall": 0.08105802536010742,
            "0_select": 0.017952680587768555,
            "1_unroll": 0.01994776725769043,
            "2_aggregate_override": 0.02592945098876953
        },
        "create_final_relationships": {
            "overall": 0.2966020107269287,
            "0_unpack_graph": 0.045859336853027344,
            "1_filter": 0.04439353942871094,
            "2_rename": 0.029668569564819336,
            "3_filter": 0.050041913986206055,
            "4_drop": 0.019947052001953125,
            "5_compute_edge_combined_degree": 0.02393627166748047,
            "6_convert": 0.040144920349121094,
            "7_convert": 0.02507328987121582
        },
        "join_text_units_to_relationship_ids": {
            "overall": 0.12050318717956543,
            "0_select": 0.025734901428222656,
            "1_unroll": 0.024910688400268555,
            "2_aggregate_override": 0.02593088150024414,
            "3_select": 0.022977352142333984
        },
        "create_final_community_reports": {
            "overall": 44.09203004837036,
            "0_prepare_community_reports_nodes": 0.027925968170166016,
            "1_prepare_community_reports_edges": 0.025075912475585938,
            "2_restore_community_hierarchy": 0.02729511260986328,
            "3_prepare_community_reports": 0.1764240264892578,
            "4_create_community_reports": 43.789228439331055,
            "5_window": 0.02513861656188965
        },
        "create_final_text_units": {
            "overall": 0.1762394905090332,
            "0_select": 0.022943973541259766,
            "1_rename": 0.023509979248046875,
            "2_join": 0.027924299240112305,
            "3_join": 0.02792525291442871,
            "4_aggregate_override": 0.025931119918823242,
            "5_select": 0.024933576583862305
        },
        "create_base_documents": {
            "overall": 0.2655961513519287,
            "0_unroll": 0.025914907455444336,
            "1_select": 0.024933338165283203,
            "2_rename": 0.024576902389526367,
            "3_join": 0.028926372528076172,
            "4_aggregate_override": 0.02792525291442871,
            "5_join": 0.029918909072875977,
            "6_rename": 0.025774717330932617,
            "7_convert": 0.05368947982788086
        },
        "create_final_documents": {
            "overall": 0.05218243598937988,
            "0_rename": 0.02624988555908203
        }
    }
}