{
    "total_runtime": 224.65771651268005,
    "num_documents": 1,
    "input_load_time": 0,
    "workflows": {
        "create_base_text_units": {
            "overall": 0.24895620346069336,
            "0_orderby": 0.002027273178100586,
            "1_zip": 0.002961874008178711,
            "2_aggregate_override": 0.004957437515258789,
            "3_chunk": 0.19348883628845215,
            "4_select": 0.003961324691772461,
            "5_unroll": 0.006011962890625,
            "6_rename": 0.003565549850463867,
            "7_genid": 0.0057947635650634766,
            "8_unzip": 0.004986286163330078,
            "9_copy": 0.003989219665527344,
            "10_filter": 0.014960289001464844
        },
        "create_base_extracted_entities": {
            "overall": 72.7918472290039,
            "0_entity_extract": 72.74787521362305,
            "1_merge_graphs": 0.038956403732299805
        },
        "create_summarized_entities": {
            "overall": 27.72094988822937,
            "0_summarize_descriptions": 27.713961124420166
        },
        "create_base_entity_graph": {
            "overall": 0.08876252174377441,
            "0_cluster_graph": 0.07480049133300781,
            "1_select": 0.007978200912475586
        },
        "create_final_entities": {
            "overall": 2.740036725997925,
            "0_unpack_graph": 0.02991962432861328,
            "1_rename": 0.007978677749633789,
            "2_select": 0.008975505828857422,
            "3_dedupe": 0.007978439331054688,
            "4_rename": 0.00997471809387207,
            "5_filter": 0.021947383880615234,
            "6_text_split": 0.010969400405883789,
            "7_drop": 0.009974002838134766,
            "8_merge": 0.0377962589263916,
            "9_text_embed": 2.5529468059539795,
            "10_drop": 0.009972810745239258,
            "11_filter": 0.02462291717529297
        },
        "create_final_nodes": {
            "overall": 0.3181140422821045,
            "0_layout_graph": 0.09485030174255371,
            "1_unpack_graph": 0.035900115966796875,
            "2_unpack_graph": 0.035903215408325195,
            "3_drop": 0.01196908950805664,
            "4_filter": 0.031635284423828125,
            "5_select": 0.01236867904663086,
            "6_rename": 0.011708498001098633,
            "7_convert": 0.0408930778503418,
            "8_join": 0.01795220375061035,
            "9_rename": 0.013962745666503906
        },
        "create_final_communities": {
            "overall": 0.37516164779663086,
            "0_unpack_graph": 0.033911943435668945,
            "1_unpack_graph": 0.03373146057128906,
            "2_aggregate_override": 0.015972375869750977,
            "3_join": 0.0198671817779541,
            "4_join": 0.020267486572265625,
            "5_concat": 0.014518976211547852,
            "6_filter": 0.06515693664550781,
            "7_aggregate_override": 0.019838809967041016,
            "8_join": 0.02054429054260254,
            "9_filter": 0.034813880920410156,
            "10_fill": 0.03178811073303223,
            "11_merge": 0.02039194107055664,
            "12_copy": 0.01595759391784668,
            "13_select": 0.016292810440063477
        },
        "join_text_units_to_entity_ids": {
            "overall": 0.07477021217346191,
            "0_select": 0.017751455307006836,
            "1_unroll": 0.01941967010498047,
            "2_aggregate_override": 0.0206451416015625
        },
        "create_final_relationships": {
            "overall": 0.26592159271240234,
            "0_unpack_graph": 0.03959226608276367,
            "1_filter": 0.04516458511352539,
            "2_rename": 0.0189511775970459,
            "3_filter": 0.04288506507873535,
            "4_drop": 0.0190277099609375,
            "5_compute_edge_combined_degree": 0.02294158935546875,
            "6_convert": 0.04092073440551758,
            "7_convert": 0.01948380470275879
        },
        "join_text_units_to_relationship_ids": {
            "overall": 0.1264934539794922,
            "0_select": 0.03390908241271973,
            "1_unroll": 0.028455734252929688,
            "2_aggregate_override": 0.022989988327026367,
            "3_select": 0.021160602569580078
        },
        "create_final_community_reports": {
            "overall": 116.78629517555237,
            "0_prepare_community_reports_nodes": 0.026929855346679688,
            "1_prepare_community_reports_edges": 0.023935556411743164,
            "2_restore_community_hierarchy": 0.024933815002441406,
            "3_prepare_community_reports": 0.19103264808654785,
            "4_create_community_reports": 116.47526454925537,
            "5_window": 0.02399897575378418
        },
        "create_final_text_units": {
            "overall": 0.19732880592346191,
            "0_select": 0.028952360153198242,
            "1_rename": 0.025930166244506836,
            "2_join": 0.02892303466796875,
            "3_join": 0.0288240909576416,
            "4_aggregate_override": 0.034761905670166016,
            "5_select": 0.025902509689331055
        },
        "create_base_documents": {
            "overall": 0.29744672775268555,
            "0_unroll": 0.026928186416625977,
            "1_select": 0.025930166244506836,
            "2_rename": 0.025931358337402344,
            "3_join": 0.029923677444458008,
            "4_aggregate_override": 0.02696537971496582,
            "5_join": 0.02988719940185547,
            "6_rename": 0.026928186416625977,
            "7_convert": 0.08002042770385742
        },
        "create_final_documents": {
            "overall": 0.05392336845397949,
            "0_rename": 0.027024269104003906
        }
    }
}